-- Store Service 더미 데이터

-- 가게 데이터
INSERT INTO stores (store_id, store_name, store_location, open_time, close_time, seat_num, category_code) VALUES
('S001', '맛있는 한식당', '서울시 강남구 테헤란로 123', '09:00:00', '22:00:00', 50, 1),
('S002', '신선한 중식당', '서울시 서초구 서초대로 456', '10:00:00', '21:00:00', 40, 2),
('S003', '고급 일식당', '서울시 마포구 홍대로 789', '11:00:00', '23:00:00', 30, 3),
('S004', '분위기 좋은 카페', '서울시 종로구 종로 321', '08:00:00', '23:59:59', 60, 4),
('S005', '전통 찻집', '서울시 성동구 성수동 654', '10:00:00', '20:00:00', 25, 4);

-- 가게 위치 데이터 (위경도)
INSERT INTO store_location (store_id, latitude, longitude) VALUES
('S001', '37.5665', '126.9780'),
('S002', '37.5080', '127.0000'),
('S003', '37.5560', '126.9230'),
('S004', '37.5700', '126.9760'),
('S005', '37.5440', '127.0550');

-- 리뷰 데이터
INSERT INTO review (review_id, store_id, user_id, coment, score) VALUES
(1, 'S001', '7438ed2c-1051-70b6-9aab-aa5465799835', '정말 맛있어요! 서비스도 좋고 분위기도 좋습니다.', 5),
(2, 'S001', '94586ddc-f061-7005-8f71-fae9883a90b6', '가격 대비 만족스러워요. 다음에 또 올 예정입니다.', 4),
(3, 'S002', '7438ed2c-1051-70b6-9aab-aa5465799835', '중국 요리가 정통적이고 맛있어요.', 5),
(4, 'S003', '94586ddc-f061-7005-8f71-fae9883a90b6', '일본 요리의 정성을 느낄 수 있어요.', 4),
(5, 'S004', '7438ed2c-1051-70b6-9aab-aa5465799835', '커피가 맛있고 분위기가 좋아요.', 5),
(6, 'S005', '94586ddc-f061-7005-8f71-fae9883a90b6', '전통 찻집의 분위기를 잘 살렸어요.', 4);

-- 즐겨찾기 데이터
INSERT INTO fav_store (user_id, store_id) VALUES
('7438ed2c-1051-70b6-9aab-aa5465799835', 'S001'),
('7438ed2c-1051-70b6-9aab-aa5465799835', 'S004'),
('94586ddc-f061-7005-8f71-fae9883a90b6', 'S002'),
('94586ddc-f061-7005-8f71-fae9883a90b6', 'S003');

-- 가게 좌석 데이터
INSERT INTO store_seat (store_id, in_using_seat) VALUES
('S001', 0),
('S002', 0),
('S003', 0),
('S004', 0),
('S005', 0);
